{
  "fidelity_00": 0.98125,
  "fidelity_bell": 0.9289269368542814,
  "concurrence_in": 0.9999999999999994,
  "concurrence_out": 0.881506982282849,
  "delta_C": 0.11849301771715048,
  "rho_bell_out": {
    "real": [
      [
        0.49062499999999987,
        0.0,
        0.0,
        0.43830193685428176
      ],
      [
        0.0,
        0.0,
        0.0,
        0.0
      ],
      [
        0.0,
        0.0,
        0.0,
        0.0
      ],
      [
        0.43830193685428176,
        0.0,
        0.0,
        0.49062499999999987
      ]
    ],
    "imag": [
      [
        0.0,
        0.0,
        0.0,
        -0.04642253874077508
      ],
      [
        0.0,
        0.0,
        0.0,
        0.0
      ],
      [
        0.0,
        0.0,
        0.0,
        0.0
      ],
      [
        0.04642253874077508,
        0.0,
        0.0,
        0.0
      ]
    ]
  }
}