{
  "p_delay": 0.05,
  "p_bulk_loss": 0.02,
  "theta": 0.05,
  "CPTP_eigenvalues": [
    0.985,
    0.985
  ],
  "fidelity_plus": 0.9344188710836593,
  "fidelity_zero": 0.985,
  "E0": {
    "real": [
      [
        0.9640637277087336,
        0.0
      ],
      [
        0.0,
        0.9640637277087336
      ]
    ],
    "imag": [
      [
        -0.024106615613575775,
        0.0
      ],
      [
        0.0,
        0.024106615613575775
      ]
    ]
  },
  "E1": {
    "real": [
      [
        0.22360679774997896,
        0.0
      ],
      [
        0.0,
        -0.22360679774997896
      ]
    ],
    "imag": [
      [
        0.0,
        0.0
      ],
      [
        0.0,
        0.0
      ]
    ]
  },
  "E2": {
    "real": [
      [
        0.07071067811865475,
        0.0
      ],
      [
        0.0,
        0.07071067811865475
      ]
    ],
    "imag": [
      [
        0.0,
        0.0
      ],
      [
        0.0,
        0.0
      ]
    ]
  },
  "rho_plus_out": {
    "real": [
      [
        0.4925,
        0.4419188710836593
      ],
      [
        0.4419188710836593,
        0.4925
      ]
    ],
    "imag": [
      [
        0.0,
        -0.02324031371086542
      ],
      [
        0.02324031371086542,
        0.0
      ]
    ]
  },
  "rho_zero_out": {
    "real": [
      [
        0.985,
        0.0
      ],
      [
        0.0,
        0.0
      ]
    ],
    "imag": [
      [
        0.0,
        0.0
      ],
      [
        0.0,
        0.0
      ]
    ]
  }
}