{
  "spectral_dim_chain": 0.8975859014729074,
  "spectral_dim_grid": 1.6498566269908501,
  "GRU_spine_ds": 1.02,
  "return_prob_chain": [
    0.6736700229433488,
    0.6379848279969991,
    0.6067232989515728,
    0.5791453429448826,
    0.5546555824592366,
    0.5327722416954822,
    0.5131031596516341,
    0.4953272223645657,
    0.47917992982740626,
    0.46444212859492007,
    0.45093117694319845,
    0.4384939862044315,
    0.42700151470445863,
    0.4163443907852269,
    0.4064294169832109,
    0.39717676470498225,
    0.3885177122608753,
    0.38039281228987903,
    0.3727503999735415,
    0.36554537289431505,
    0.3587381883696488,
    0.35229403565879547,
    0.3461821494023705,
    0.34037523762541316,
    0.33484900307551285,
    0.3295817409297493,
    0.3245539992554632,
    0.31974829125475285,
    0.3151488504178386,
    0.3107414213765733,
    0.30651308057929877,
    0.30245208197386064,
    0.29854772374263466,
    0.29479023282535327,
    0.29117066452621804,
    0.28768081495785564,
    0.28431314444699585,
    0.2810607103318128,
    0.27791710783171997,
    0.2748764178774117,
    0.27193316096035497,
    0.2690822562033547,
    0.26631898497255546,
    0.2636389584505397,
    0.2610380886735186,
    0.25851256260573746,
    0.25605881888343096,
    0.2536735269107999,
    0.251353568033063,
    0.2490960185478841
  ],
  "return_prob_grid": [
    0.4538321939560032,
    0.40702701326594515,
    0.36811850085324566,
    0.3354199643884889,
    0.30766210505456576,
    0.2838787421937639,
    0.26332635198187904,
    0.24542675977873482,
    0.2297258696293254,
    0.21586362604125983,
    0.20355192782691475,
    0.1925582304037867,
    0.18269325806354259,
    0.17380171427589455,
    0.1657551990526145,
    0.15844676538319363,
    0.15178670316104656,
    0.14569924974639092,
    0.14012000540434882,
    0.13499388884220062,
    0.13027350947018232,
    0.12591786332993601,
    0.12189128201106167,
    0.11816258051273018,
    0.11470436246428951,
    0.1114924505096831,
    0.10850541678600238,
    0.1057241938666455,
    0.1031317507175638,
    0.10071282144187409,
    0.0984536770936652,
    0.09634193279732921,
    0.09436638394242848,
    0.09251686643259918,
    0.09078413692351942,
    0.08915976974534043,
    0.08763606781193671,
    0.08620598530578154,
    0.08486306031865774,
    0.08360135594454154,
    0.08241540857728717,
    0.08130018237428537,
    0.08025102901757884,
    0.07926365204350865,
    0.07833407512678123,
    0.07745861379962787,
    0.07663385016523967,
    0.0758566102299332,
    0.07512394353295358,
    0.07443310479840648
  ],
  "times": [
    0.5,
    0.5918367346938775,
    0.6836734693877551,
    0.7755102040816326,
    0.8673469387755102,
    0.9591836734693877,
    1.0510204081632653,
    1.1428571428571428,
    1.2346938775510203,
    1.3265306122448979,
    1.4183673469387754,
    1.5102040816326532,
    1.6020408163265307,
    1.6938775510204083,
    1.7857142857142858,
    1.8775510204081634,
    1.969387755102041,
    2.0612244897959187,
    2.1530612244897958,
    2.2448979591836737,
    2.336734693877551,
    2.428571428571429,
    2.5204081632653064,
    2.612244897959184,
    2.7040816326530615,
    2.795918367346939,
    2.8877551020408165,
    2.979591836734694,
    3.0714285714285716,
    3.163265306122449,
    3.2551020408163267,
    3.3469387755102042,
    3.438775510204082,
    3.5306122448979593,
    3.622448979591837,
    3.7142857142857144,
    3.806122448979592,
    3.8979591836734695,
    3.989795918367347,
    4.081632653061225,
    4.173469387755102,
    4.26530612244898,
    4.357142857142858,
    4.448979591836735,
    4.540816326530613,
    4.63265306122449,
    4.724489795918368,
    4.816326530612245,
    4.908163265306123,
    5.0
  ],
  "note": "d_S<4 \u2192 no Grover speedup locally. Long-range tunneling needed."
}