{
  "metadata": {
    "version": "2.5.4",
    "architecture": "Heisenberg-Fourier",
    "timestamp": "2026-06-28T22:24:45.154234",
    "config": {
      "T_obs_years": 1.0,
      "fs_hz": 10.0,
      "dt_target_s": 128.35,
      "segment_hours": 1.0,
      "overlap_ratio": 0.75,
      "d_s_spine": 1.03,
      "d_s_full": 5.02,
      "lambda": 0.5
    }
  },
  "processing": {
    "total_samples": 315576000,
    "n_segments": 35064,
    "n_padded": 3,
    "segment_samples": 36000,
    "elapsed_seconds": 1595.5224010944366,
    "memory_peak_mb": 1.52587890625e-05
  },
  "detection": {
    "target_delay_s": 128.35,
    "estimated_delay_s": 128.99989250008957,
    "peak_frequency_hz": 2.2480555555555557,
    "f_search_hz": 2.2480620155038764,
    "f_nyquist_hz": 5.0,
    "aliased": true,
    "snr": 10.115427886959603,
    "sigma": 2678.736436148701,
    "match": "True"
  },
  "null_test": {
    "n_iterations": 50,
    "sigma_mean": 1.8619392145605726e-13,
    "sigma_std": 5.9137182632858e-14,
    "sigma_max": 3.3796776584929675e-13
  },
  "csd_summary": {
    "frequencies_hz": [
      0.0,
      0.0002777777777777778,
      0.0005555555555555556,
      0.0008333333333333333,
      0.0011111111111111111,
      0.001388888888888889,
      0.0016666666666666666,
      0.0019444444444444444,
      0.0022222222222222222,
      0.0025,
      0.002777777777777778,
      0.0030555555555555557,
      0.003333333333333333,
      0.003611111111111111,
      0.0038888888888888888,
      0.004166666666666667,
      0.0044444444444444444,
      0.004722222222222222,
      0.005,
      0.005277777777777778,
      0.005555555555555556,
      0.005833333333333334,
      0.006111111111111111,
      0.006388888888888889,
      0.006666666666666666,
      0.006944444444444444,
      0.007222222222222222,
      0.0075,
      0.0077777777777777776,
      0.008055555555555555,
      0.008333333333333333,
      0.008611111111111111,
      0.008888888888888889,
      0.009166666666666667,
      0.009444444444444445,
      0.009722222222222222,
      0.01,
      0.010277777777777778,
      0.010555555555555556,
      0.010833333333333334,
      0.011111111111111112,
      0.01138888888888889,
      0.011666666666666667,
      0.011944444444444445,
      0.012222222222222223,
      0.0125,
      0.012777777777777779,
      0.013055555555555556,
      0.013333333333333332,
      0.01361111111111111
    ],
    "peak_frequency_hz": 0.013055555555555556,
    "n_segments": 35064,
    "n_discarded": 0
  }
}